language_name;sortal_classifier;morphosyntactic_plural;continent;genus;longitude;latitude;iso_code;wals_code;glottocode;source
/Xam;no;yes;Africa;Southern_Khoisan;21;-31;xam;xam;xamm1241;Bleek-1928
Abkhaz;no;yes;Asia;Northwest_Caucasian;41;43.08333333;abk;abk;abkh1244;Hewitt-1989d
Abun;yes;no;Asia;North_Central_Birds_Head;132.5;-0.5;kgr;abu;abun1252;Berry-and-Berry-1999
Acoma;no;yes;Americas;Keresan;-107.5833333;34.91666667;kjq;aco;west2632;Miller-1966
Ainu;yes;no;Asia;Ainu;143;43;ain;ain;ainu1240;Refsing-1986
Alagwa;no;yes;Africa;Southern_Cushitic;35.75;-5.5;wbj;agw;alag1248;mous_alagwa_2016
Alamblak;no;no;Pacific;Sepik_Hill;143.3333333;-4.666666667;amp;ala;alam1246;Bruce-1984
Albanian;no;yes;Europe;Albanian;20;41;aln;alb;gheg1238;Camaj-1984
Alune;no;no;Asia;Central_Malayo_Polynesian;128.3333333;-3;alp;aln;alun1238;Makaruku-et-al-1997
Amarakaeri;no;no;Americas;Harakmbet;-70.5;-12.5;amr;amk;amar1274;Helberg-Chavez-1984
Ambae (Lolovoli Northeast);no;no;Pacific;Oceanic;167.8833333;-15.41666667;omb;aml;east2443;Hyslop-2001
Ambulas;no;no;Pacific;Middle_Sepik;143;-3.833333333;abt;amb;ambu1247;Wilson-1980
Amele;no;no;Pacific;Madang;145.5833333;-5.25;aey;ame;amel1241;Roberts-1987
Amharic;no;yes;Africa;Semitic;38;10;amh;amh;amha1245;Leslau-1997b
Amis;yes;no;Asia;East_Formosan;121.3333333;23.33333333;ami;ami;amis1246;Wu-2006
Apurina;no;no;Americas;Purus;-67;-9;apu;apu;apur1254;pickering_apurina_2009
Arabela;no;no;Americas;Zaparoan;-75.16666667;-2;arl;arb;arab1268;Waterhouse-1963
Arabic (Egyptian);no;yes;Africa;Semitic;31;30;arz;aeg;egyp1253;Brustad-2000
Arabic (Kormakiti);no;yes;Asia;Semitic;33.5;35.25;acy;ako;cypr1248;Brustad-2000
Arabic (Moroccan);no;yes;Africa;Semitic;-6;34;ary;amr;moro1292;Harrell-et-al-1965
Arawak;no;no;Americas;Northern_Arawakan;-55.16666667;5.5;arw;ara;araw1276;Facundes-2000
Arbore;no;yes;Africa;Eastern_Cushitic;36.75;5;arv;abo;arbo1245;Hayward-1984
Armenian (Eastern);no;yes;Asia;Armenian;45;40;hye;arm;nucl1235;Fairbanks-1958
Armenian (Iranian);yes;yes;Asia;Armenian;51.66666667;32.66666667;;arz;nucl1235;Greppin-2001
Arosi;no;no;Pacific;Oceanic;161.3333333;-10.25;aia;aro;aros1241;Capell-1971
Assamese;yes;no;Asia;Indic;93;26;asm;ass;assa1263;Goswami-1970
Atakapa;no;yes;Americas;Atakapa;-93.5;30;aqp;atk;atak1252;Swanton-1929
Atayal;no;no;Asia;Atayalic;121.3333333;24.5;tay;ata;atay1247;Rau-1992
Athpare;yes;no;Asia;Mahakiranti;87.33333333;27;aph;ath;athp1241;Noonan-2003a
Avar;no;yes;Europe;Avar_Andic_Tsezic;46.5;42.5;ava;ava;avar1256;Kazenin-1993
Awtuw;no;no;Pacific;Ram;142;-3.583333333;kmn;awt;awtu1239;Feldman-1986
Azerbaijani;yes;no;Asia;Turkic;48.5;40.5;azb;aze;sout2697;Householder-and-Lofti-1965
Bagvalal;no;yes;Europe;Avar_Andic_Tsezic;46.16666667;42.58333333;kva;bgv;bagv1239;Kibrik-2001
Bajau (Semporna);yes;no;Asia;Sama_Bajaw;118.5;4.5;ssb;bjs;sout2918;Donohue-1996
Balinese;yes;no;Asia;Malayo_Sumbawan;115.25;-8.333333333;ban;bal;bali1278;Barber-1977
Baniwa;yes;no;Americas;Northern_Arawakan;-66.83333333;2.666666667;bwi;bnw;bani1255;Aikhenvald-1998
Baragaunle;no;no;Asia;Bodic;83.83333333;28.83333333;loy;brl;lowa1242;Kretschmar-1995
Bare;no;no;Americas;Northern_Arawakan;-67;1;bae;bae;bare1276;Chaffanjon-1889
Basque;no;yes;Europe;Basque;-3;43;eus;bsq;basq1248;Hualde-and-Ortiz-de-Urbina-2003
Batak (Karo);yes;no;Asia;Northwest_Sumatra_Barrier_Islands;98.25;3.25;btx;bkr;bata1293;Woollams-1996
Begak-Ida'an;yes;no;Asia;North_Borneo;118.8333333;5.25;dbj;beg;idaa1241;Idaan-2005
Belhare;yes;no;Asia;Mahakiranti;87.3;26.96666667;byw;bel;belh1239;Bickel-2003
Bengali;yes;no;Asia;Indic;90;24;ben;ben;beng1280;Klaiman-1990
Biatah;yes;no;Asia;Land_Dayak;110;1.25;bth;bit;biat1246;Omar-1983
Boko;no;yes;Africa;Eastern_Mande;3.5;10.5;bqc;bok;boko1266;Jones-1998b
Bora;no;yes;Americas;Boran;-72.33333333;-2.166666667;boa;bor;bora1263;Thiesen-1996
Brahui;no;no;Asia;Northern_Dravidian;67;28.5;brh;brh;brah1256;Bray-1909
Bulgarian;no;yes;Europe;Slavic;25;42.5;bul;bul;bulg1262;Scatton-1984
Buriat;no;yes;Asia;Mongolic;108;52;bxm;but;mong1330;Poppe-1960
Burmese;yes;no;Asia;Burmese_Lolo;96;21;mya;brm;nucl1310;Okell-1969
Burushaski;no;yes;Asia;Burushaski;74.5;36.5;bsk;bur;buru1296;Lorimer-1935
Canela-Krah_;no;no;Americas;Ge_Kaingang;-46;-6;ram;ckr;cane1242;Popjes-and-Popjes-1986
Cantonese;yes;no;Asia;Chinese;113;23;yue;cnt;yuec1235;Zee-1999
Capanahua;no;yes;Americas;Panoan;-74;-7;kaq;cap;capa1241;Loos-1969
Carrier;no;yes;Americas;Athapaskan;-123.5;53.75;crx;crq;carr1249;Morice-1932
Cayuvava;no;yes;Americas;Cayuvava;-65.5;-13.5;cyb;cyv;cayu1262;Key-1967
Cham (Eastern);yes;no;Asia;Malayo_Sumbawan;108.5;11.33333333;cjm;cme;east2563;Alieva-and-Bui-Khanh-The-1999
Cham (Western);yes;no;Asia;Malayo_Sumbawan;105.5;12;cja;chw;west2650;Baumgartner-1998
Chamorro;no;yes;Pacific;Chamorro;144.75;13.45;cha;cha;cham1312;Topping-1973
Chantyal;yes;no;Asia;Bodic;83.41666667;28.58333333;chx;chn;chan1310;Noonan-2003b
Chayahuita;yes;no;Americas;Cahuapanan;-77;-5.5;cbt;chy;chay1248;bourdeau_ergativity_2015
Chechen;no;yes;Europe;Nakh;45.83333333;43.25;che;chc;chec1245;Nichols-1994a
Chepang;no;no;Asia;Mahakiranti;84.75;27.66666667;cdm;cpn;chep1245;Caughley-1982
Chichimeca-Jonaz;no;yes;Americas;Chichimec;-100.5;21.66666667;pei;cjo;chic1272;Lastra-de-Suarez-1984
Chimariko;no;no;Americas;Chimariko;-123;41;cid;chi;chim1301;Dixon-1910
Chinook (Upper);no;no;Americas;Chinookan;-122.5;45.5;wac;cku;wasc1239;Boas-1911b
Chitimacha;no;no;Americas;Chitimacha;-91;29.66666667;ctm;ctm;chit1248;Swadesh-1946b
Choctaw;no;no;Americas;Muskogean;-88.5;32.25;cho;cct;choc1276;Nicklas-1979
Chontal (Huamelultec Oaxaca);no;yes;Americas;Tequistlatecan;-95.75;16;clo;chx;lowl1260;Waterhouse-1962
Chukchi;no;no;Asia;Northern_Chukotko_Kamchatkan;-173;67;ckt;chk;chuk1273;Dunn-1999
Chumash (Barbare_o);no;no;Americas;Chumash;-120.25;34.5;boi;cba;barb1263;Beeler-1976
Chumash (Ineseno);no;no;Americas;Chumash;-120.25;34.66666667;inz;cin;ines1240;Applegate-1972
Chuukese;yes;no;Pacific;Oceanic;151.75;7.333333333;chk;cuu;chuu1238;Lynch-1998
Chuvash;no;yes;Europe;Turkic;47.5;55.5;chv;chv;chuv1255;Krueger-1961
Coos (Hanis);no;no;Americas;Coosan;-124.1666667;43.5;csz;coo;coos1249;Frachtenberg-1922a
Cree (Plains);no;yes;Americas;Algonquian;-110;54;crk;cre;plai1258;Wolfart-1973
Culina;no;yes;Americas;Arauan;-70.5;-6;cul;cul;culi1244;Dienst-2006
Dagaare;no;yes;Africa;Gur;-2.666666667;10.5;dga;dga;sout2789;Bodomo-1997
Dargwa;no;yes;Europe;Lak_Dargwa;47.41666667;42.25;dar;drg;darg1241;Isaev-2004
Datooga;no;yes;Africa;Nilotic;35.33333333;-4.333333333;tcc;dat;dato1239;Datooga-2000
Deni;no;yes;Americas;Arauan;-67;-6;dny;den;deni1241;Deni-1991
Dizi;no;yes;Africa;Dizoid;36.5;6.166666667;mdx;diz;dizi1235;Allan-1976b
Djingili;no;no;Pacific;West_Barkly;134;-17.75;jig;dji;djin1251;Chadwick-1975
Dobel;yes;no;Asia;Central_Malayo_Polynesian;134.6666667;-6.25;kvo;dob;dobe1238;Hughes-2000
Drehu;no;no;Pacific;Oceanic;167.25;-21;dhv;dre;dehu1237;Moyse-Faurie-1983
Dumo;no;no;Pacific;Western_Skou;141.3;-2.683333333;vam;dum;vani1248;Ross-1980
Dyirbal;no;no;Pacific;Pama_Nyungan;145.5833333;-17.83333333;dbl;dyi;dyir1250;Dixon-1972
English;no;yes;Americas;Germanic;0;52;eng;eng;stan1293;Quirk-et-al-1985
Epena Pedee;no;yes;Americas;Choco;-77;3;sja;epe;epen1239;Harms-1994
Erromangan;no;no;Pacific;Oceanic;169.1666667;-18.83333333;erg;err;siee1239;Crowley-1998a
Evenki;no;yes;Asia;Tungusic;125;56;evn;eve;even1259;Nedjalkov-1997
Eyak;yes;no;Americas;Eyak;-145;60.5;eya;eya;eyak1241;Kinkade-2001
Fijian;no;no;Pacific;Oceanic;178;-17.83333333;fij;fij;fiji1243;Schutz-1985
Finnish;no;yes;Europe;Finnic;25;62;fin;fin;finn1318;Sulkala-and-Karjalainen-1992
French;no;yes;Europe;Romance;2;48;fra;fre;stan1290;Harris-1988
Fula (Mauritanian);no;yes;Africa;Northern_Atlantic;-13.75;16.5;fuc;fma;pula1263;Arnott-1970
Fur;no;yes;Africa;Fur;25;13.5;fvr;fur;furr1244;Beaton-1968
Futuna-Aniwa;no;yes;Pacific;Oceanic;170.2166667;-19.53333333;fut;fut;futu1245;Dougherty-1983
Gaagudju;no;no;Pacific;Gaagudju;132.8333333;-12.58333333;gbu;gaa;gaga1251;Harvey-1992
Garo;yes;no;Asia;Bodo_Garo;90.5;25.66666667;grt;gar;garo1247;Burling-1961
Garrwa;no;no;Pacific;Garrwan;137.1666667;-17.08333333;gbc;grr;gara1261;Mushin-2005
Gaviao;no;no;Americas;Monde;-62;-10.66666667;gvo;gav;gavi1246;Moore-1984
Gbeya Bossangoa;no;yes;Africa;Gbaya_Manza_Ngbaka;17.5;6.666666667;gbp;gbb;gbay1287;Samarin-1966
Georgian;no;yes;Asia;Kartvelian;44;42;kat;geo;nucl1302;Aronson-1982
German;no;yes;Europe;Germanic;10;52;deu;ger;stan1295;Jessen-1999
Gilaki;yes;no;Asia;Iranian;50;37.33333333;glk;gil;gila1241;Christensen-1930
Gooniyandi;no;no;Pacific;Bunuban;126.3333333;-18.33333333;gni;goo;goon1238;McGregor-1990
Guarani;no;no;Americas;Tupi_Guaran_;-56;-26;gug;gua;para1311;Krivoshein-de-Canese-1983
Guduf;no;yes;Africa;Biu_Mandara;13.8;11.23333333;gdf;gdf;gudu1252;Guduf-1966
Gunin;no;no;Pacific;Wororan;126.6666667;-14.25;gww;gnn;kwin1241;McGregor-1993
Haida;yes;no;Americas;Haida;-132;53;hdn;hai;haid1248;Swanton-1991
Hatam;yes;no;Asia;Hatam;134;-1;had;hat;hata1243;Reesink-1999
Hausa;no;yes;Africa;West_Chadic;7;12;hau;hau;haus1257;Newman-2000
Hawaiian;no;no;Americas;Oceanic;-155.5;19.58333333;haw;haw;hawa1245;Alexander-1968
Hebrew (Modern);no;yes;Asia;Semitic;34.83333333;31.5;heb;heb;hebr1245;Glinert-1989
Hindi;no;yes;Asia;Indic;77;25;hin;hin;hind1269;Sandahl-2000
Hixkaryana;no;no;Americas;Cariban;-59;-1;hix;hix;hixk1239;Derbyshire-1985
Hmong Daw;yes;no;Asia;Hmong_Mien;105;26;mww;hmd;hmon1333;Mottin-1978
Hokkien;yes;no;Asia;Chinese;118;25;nan;hok;minn1241;Hokkien-2011
Hua;no;no;Pacific;Eastern_Highlands;145.3333333;-6.333333333;ygr;hua;yaga1260;Haiman-1980
Hungarian;yes;yes;Europe;Ugric;20;47;hun;hun;hung1274;Beckwith-1992
Hunzib;no;yes;Europe;Avar_Andic_Tsezic;46.25;42.16666667;huz;hzb;hunz1247;van-den-Berg-1995
Hup;no;no;Americas;Nadahup;-69.25;0.166666667;jup;hpd;hupd1244;Goddard-1911
Hyow;yes;no;Asia;Kuki_Chin;92.41666667;22.08333333;csh;hyo;asho1236;Hyow-2018
Iaai;no;no;Pacific;Oceanic;166.5833333;-20.41666667;iai;iaa;iaai1238;Ozanne-Rivierre-1998
Igbo;no;yes;Africa;Igboid;7.333333333;6;ibo;igb;nucl1417;Ikekeonwu-1999
Ika;no;no;Americas;Aruak;-73.75;10.66666667;arh;ika;arhu1242;Frank-1990
Imonda;no;yes;Pacific;Border;141.1666667;-3.333333333;imn;imo;imon1245;Seiler-1985
Indonesian;yes;no;Asia;Malayo_Sumbawan;106;0;ind;ind;indo1316;Mintz-1994
Ingush;no;yes;Europe;Nakh;45.08333333;43.16666667;inh;ing;ingu1240;Handel-and-Nichols-2000
Iraqw;no;yes;Africa;Southern_Cushitic;35.5;-4;irk;irq;iraq1241;Mous-1992
Jahai;yes;no;Asia;Aslian;101.5;5.75;jhi;jah;jeha1242;Burenhult-2000
Jakaltek;yes;no;Americas;Mayan;-91.66666667;15.66666667;jac;jak;popt1235;Suarez-1983b
Jamamadi;no;yes;Americas;Arauan;-67;-7.5;jaa;jmm;jama1261;Jama-2004
Jaminjung;no;no;Pacific;Jaminjungan;130.5;-15.08333333;djd;jam;djam1255;Schultze-Berndt-2000
Japanese;yes;no;Asia;Japanese;140;37;jpn;jpn;nucl1643;Martin-1991a
Jaqaru;no;no;Americas;Aymaran;-76;-13;jqr;jaq;jaqa1244;Hardman-1983
Javanese;yes;no;Asia;Javanese;111;-7;jav;jav;java1254;Robson-1992
Jivaro;no;no;Americas;Jivaroan;-78;-2.5;jiv;jiv;shua1257;Shuar-2014
Ju|'hoan;no;yes;Africa;Northern_Khoisan;21;-19;ktz;juh;juho1239;Dickens-1992
Kalapuya;no;no;Americas;Kalapuyan;-123;44.5;kyl;klp;kala1400;Kinkade-2001
Kambera;yes;no;Asia;Central_Malayo_Polynesian;120.1666667;-9.833333333;xbr;kam;kamb1299;Klamer-1998
Kana;yes;no;Africa;Cross_River;7.416666667;4.75;ogo;kan;khan1278;Ikoro-1996
Kannada;no;no;Asia;Southern_Dravidian;76;14;kan;knd;nucl1305;Schiffman-1983
Kanuri;no;no;Africa;Western_Saharan;13;12;knc;knr;cent2050;Cyffer-1998
Karok;no;no;Americas;Karok;-123;41.66666667;kyh;krk;karo1304;Bright-1957
Kate;no;no;Pacific;Finisterre_Huon;147.75;-6.5;kmg;kat;kate1253;Pilhofer-1933
Kayah Li (Eastern);yes;no;Asia;Karen;97.5;19;eky;kyl;east2342;Solnit-1997
Kayan (Baram);yes;no;Asia;North_Borneo;114.5;3.5;kys;kbr;bara1370;Omar-1983
Kayu Agung;yes;no;Asia;Lampungic;104.9166667;-3.166666667;kge;kag;kome1238;Gani-et-al-1986
Ke'o;yes;no;Asia;Central_Malayo_Polynesian;121.25;-8.833333333;xxk;keo;keoo1238;Baird-2001
Kei;yes;no;Asia;Central_Malayo_Polynesian;132.9166667;-5.833333333;kei;kei;keii1239;Geurtjens-1921
Kelabit;no;no;Asia;North_Borneo;115.4166667;3.666666667;kzi;klt;kela1258;Omar-1983
Kenyah (Uma' Lung);yes;no;Africa;North_Borneo;115.8333333;3;;keu;;dryer_world_2013
Ketapang;yes;no;Asia;Malayo_Sumbawan;110;-1.866666667;zlm;ktp;mala1479;Ketapang-1994
Kewa;no;no;Pacific;Engan;143.8333333;-6.5;kew;kew;kewa1250;Franklin-1971
Khalkha;no;yes;Asia;Mongolic;105;47;khk;kha;halh1238;Poppe-1970
Kham;yes;no;Asia;Mahakiranti;82.75;28.5;kgj;kmh;gama1251;Watters-2002
Kharia;yes;no;Asia;Munda;84.33333333;22.5;khr;khr;khar1287;Biligiri-1965
Khmer;yes;no;Asia;Khmer;105;12.5;khm;khm;cent1989;Ehrman-1972b
Khmu';yes;no;Asia;Palaung_Khmuic;102;21;kjg;kmu;khmu1256;Premsrirat-1987
Khoekhoe;no;yes;Africa;Central_Khoisan;18;-25.5;naq;kho;nama1264;Bohm-1985
Khumi;yes;no;Asia;Kuki_Chin;92.41666667;21.91666667;cnk;khu;khum1248;Khumi-1964
Kilivila;yes;no;Pacific;Oceanic;151.0833333;-8.5;kij;klv;kili1267;Senft-1952
Kiowa;no;yes;Americas;Kiowa_Tanoan;-99;37;kio;kio;kiow1266;Watkins-1980
Kiribati;yes;no;Pacific;Oceanic;173;1.333333333;gil;krb;gilb1244;Groves-et-al-1985
Kiwai;no;yes;Pacific;Kiwaian;143.5;-8;kiw;kiw;nort2930;Ray-1933
Klamath;no;no;Americas;Klamath_Modoc;-121.5;42.5;kla;klm;klam1254;Kinkade-2001
Kobon;no;no;Pacific;Madang;144.3333333;-5.166666667;kpw;kob;kobo1249;Davies-1989b
Koiari;no;no;Pacific;Koiarian;147.3333333;-9.5;kbk;koi;gras1249;Dutton-1996
Kombai;no;no;Asia;Awju_Dumut;140;-5.583333333;tyn;kmb;ndei1235;de-Vries-1993
Komi-Zyrian;no;yes;Europe;Permic;55;65;kpv;kzy;komi1268;Hausenberg-1998
Konua;no;no;Pacific;West_Bougainville;154.8333333;-5.833333333;kyx;knu;rapo1238;Muller-1954
Korafe;no;no;Pacific;Binanderean;149.0833333;-9.05;kpr;krf;kora1294;Farr-1999
Korean;yes;no;Asia;Korean;128;37.5;kor;kor;kore1280;Lee-1989
Korku;no;no;Asia;Munda;78.5;22.5;kfq;kku;kork1243;Nagaraja-1999
Koromfe;no;yes;Africa;Gur;-0.916666667;14.25;kfz;kfe;koro1298;Rennison-1997
Kosraean;yes;no;Pacific;Oceanic;163;5.3;kos;kos;kosr1238;Lee-1975
Kota;no;no;Asia;Southern_Dravidian;77.16666667;11.5;kfe;kot;kota1263;Emeneau-1944
Koyra Chiini;no;no;Africa;Songhay;-3;17;khq;kch;koyr1240;Heath-1999b
Kpelle;no;yes;Africa;Western_Mande;-10;7;xpe;kpe;libe1247;Welmers-1973
Kutenai;no;no;Americas;Kutenai;-116;49.5;kut;kut;kute1249;Morgan-1991
Kwaza;no;no;Americas;Kwaza;-60.66666667;-12.58333333;xwa;kwz;kwaz1243;van-der-Voort-2000
Lachi;yes;no;Asia;Kadai;104.8333333;22.66666667;lbt;lch;lach1248;Fleisch-2001
Lahu;yes;no;Asia;Burmese_Lolo;98.16666667;20;lhu;lah;lahu1253;Matisoff-1973
Lai;yes;no;Asia;Kuki_Chin;93.66666667;22.66666667;cnh;lai;haka1240;Peterson-2003
Lakhota;no;yes;Americas;Siouan;-101.8333333;43.83333333;lkt;lkt;lako1247;Faltz-1995
Lango;no;no;Africa;Nilotic;33;2.166666667;laj;lan;lang1324;Noonan-1992
Larike;yes;no;Asia;Central_Malayo_Polynesian;127.9166667;-3.75;alo;lrk;lari1255;Laidig-and-Laidig-1995
Latvian;no;yes;Europe;Baltic;24;57;lav;lat;latv1249;Fennell-and-Gelsen-1980
Leti;no;no;Asia;Central_Malayo_Polynesian;127.6666667;-8.2;lti;let;leti1246;van-Engelenhoven-1995
Lezgian;no;yes;Europe;Lezgic;47.83333333;41.66666667;lez;lez;lezg1247;Haspelmath-1993
Limbu;no;yes;Asia;Mahakiranti;87.75;27.16666667;lif;lim;limb1266;van-Driem-1987
Loniu;yes;no;Pacific;Oceanic;147.3333333;-2.066666667;los;lon;loni1238;Hamel-1994
Loven;yes;no;Asia;Bahnaric;106.3333333;15;lbo;lov;lave1248;Loven-2001
Lucazi;no;yes;Africa;Bantoid;20;-14;lch;luc;luch1239;Fleisch-2001
Luganda;no;yes;Africa;Bantoid;32.16666667;0.5;lug;lda;gand1255;Welmers-1973
Lugbara;no;no;Africa;Moru_Madi;30.91666667;3.083333333;lgg;lug;lugb1240;Barr-1965
Luiseno;no;yes;Americas;Takic;-117.1666667;33.33333333;lui;lui;luis1253;Malecot-1963b
Lun Dayeh;yes;no;Asia;North_Borneo;115.9166667;4;lnd;lud;lund1271;Omar-1983
Luo;no;no;Africa;Nilotic;34.75;-0.5;luo;luo;luok1236;Tucker-1994
Luri;yes;no;Asia;Iranian;48.5;33.5;lrc;lur;nort2645;Lori-1989
Maasai;no;no;Africa;Nilotic;36;-3;mas;maa;masa1300;Tucker-and-Mpaayei-1955
Magar (Syangja);no;no;Asia;Mahakiranti;83.83333333;28.08333333;mrd;msy;west2418;Shepherd-and-Shepherd-1973
Mah Meri;yes;no;Asia;Aslian;101.5;2.833333333;mhe;mhm;besi1244;Meri-2014
Maidu (Northeast);no;no;Americas;Maiduan;-120.6666667;40;nmu;mne;nort2952;Shipley-1964
Makassar;yes;no;Asia;South_Sulawesi;119.5833333;-5.416666667;mak;mks;maka1311;Manyambeang-et-al-1996
Maku;no;no;Americas;Maku;-69.83333333;0.416666667;;mkw;maku1246;Maku-2008
Malagasy;no;no;Africa;Barito;47;-20;plt;mal;plat1254;Rasoloson-and-Rubino-2004
Malakmalak;no;no;Pacific;Northern_Daly;130.4166667;-13.41666667;mpb;mlk;mull1237;Birk-1976
Malayalam;no;no;Asia;Southern_Dravidian;76.5;10;mal;mym;mala1464;Moag-2001
Mali;no;no;Pacific;Baining;152.25;-4.833333333;gcc;mli;mali1284;Stebbins-2002
Mandan;no;no;Americas;Siouan;-102.5;46.5;mhq;mdn;mand1446;Mixco-1997
Mandar;yes;no;Asia;South_Sulawesi;119.0833333;-3.416666667;mdr;mnr;mand1442;Muthalib-et-al-1992
Mandarin;yes;no;Asia;Chinese;110;34;cmn;mnd;mand1415;Zhu-2001
Mandinka;no;yes;Africa;Western_Mande;-15.66666667;13;mnk;mdk;mand1436;Rowlands-1959
Mangarrayi;no;no;Pacific;Mangarrayi;133.5;-14.66666667;mpc;myi;mang1381;Merlan-1982
Mapudungun;no;no;Americas;Araucanian;-72;-38;arn;map;mapu1245;Zuniga-2000
Marathi;no;yes;Asia;Indic;76;19;mar;mhi;mara1378;Pandharipande-1997
Margi;no;yes;Africa;Biu_Mandara;13;11;mrt;mrg;marg1265;Hoffmann-1963
Maricopa;no;yes;Americas;Yuman;-113.1666667;33.16666667;mrc;mar;mari1440;Gordon-1986
Martuthunira;no;no;Pacific;Pama_Nyungan;116.5;-20.83333333;vma;mrt;mart1255;Dench-1995
Maung;no;no;Pacific;Iwaidjan;133.5;-11.91666667;mph;mau;maun1240;Capell-and-Hinch-1970
Maybrat;yes;no;Asia;North_Central_Birds_Head;132.5;-1.333333333;ayz;may;maib1239;Dol-1999
Mazanderani;yes;no;Asia;Iranian;52;36.5;mzn;mzn;maza1291;Yoshie-1996
Mbugu;no;yes;Africa;Southern_Cushitic;38.16666667;-4.333333333;mhd;mbg;mbug1240;Mbugu-1994
Me'en;no;no;Africa;Surmic;37;5;mym;mee;meen1242;Will-1989
Melanau;yes;no;Asia;North_Borneo;111.5;2.5;mel;mel;cent2101;Omar-1983
Mende;no;yes;Africa;Western_Mande;-11.5;7.833333333;men;mde;mend1266;Innes-1971
Minangkabau;yes;no;Asia;Malayo_Sumbawan;101;-1;min;min;mina1268;Adelaar-1995a
Miskito;no;no;Americas;Misumalpan;-83.66666667;14;miq;mis;misk1235;CIDCA-1985
Mituku;no;yes;Africa;Bantoid;25.5;-1.666666667;zmq;mit;mitu1240;Stappers-1973
Miwok (Southern Sierra);no;no;Americas;Miwok;-120;37.5;skd;mss;sout2985;Broadbent-1964
Mixtec (Chalcatongo);no;yes;Americas;Mixtecan;-97.58333333;17.05;mig;mxc;sanm1295;Macaulay-1996
Miya;no;yes;Africa;West_Chadic;9.666666667;10.91666667;mkf;miy;miya1266;Schuh-1998
Mlabri (Minor);yes;no;Asia;Palaung_Khmuic;101;18.5;mra;mlm;mlab1235;Rischel-1995
Mokilese;yes;no;Pacific;Oceanic;159.75;6.666666667;mkj;mok;moki1238;Harrison-1976
Molala;no;no;Americas;Molala;-122.5;44.5;mbe;mll;mola1238;Kinkade-2001
Mordvin (Erzya);no;yes;Europe;Mordvin;45.5;53;myv;moe;erzy1239;Zaicz-1998
Moset_n;no;no;Americas;Mosetenan;-67.83333333;-14.75;cas;mos;mose1249;Sakel-2002a
Muisca;no;no;Americas;Chibchan_Proper;-74;5;chb;msc;chib1270;Ostler-1994
Munduruku;no;no;Americas;Munduruku;-58;-7;myu;muu;mund1330;Crofts-1973
Mupun;no;yes;Africa;West_Chadic;8.833333333;9.5;sur;mup;mwag1236;Frajzyngier-1993
Nahali;no;no;Asia;Nahali;77.83333333;19.75;nll;nah;niha1238;Kuiper-1962
Nahuatl (Tetelcingo);no;no;Americas;Aztecan;-99;19.66666667;nhg;nht;tete1251;Tuggy-1979
Nanai;no;yes;Asia;Tungusic;137;49.5;gld;nai;nana1257;Sem-1975
Napu;yes;no;Asia;Celebic;120.4166667;-1.333333333;npy;npu;napu1241;Garantjang-et-al-1989
Nara (in Ethiopia);no;no;Africa;Nara;37.58333333;15.08333333;nrb;nar;nara1262;Thompson-1976a
Narom;yes;no;Asia;North_Borneo;114;4.416666667;nrm;nrm;naro1251;Omar-1983
Nasioi;no;yes;Pacific;East_Bougainville;155.5833333;-6.333333333;nas;nas;naas1242;Hurd-and-Hurd-1966
Nauruan;yes;no;Pacific;Oceanic;166.9166667;-0.5;nau;nau;naur1243;Kayser-1993
Navajo;no;no;Americas;Athapaskan;-108;36.16666667;nav;nav;nava1243;Young-and-Morgan-1980
Ndyuka;no;no;Americas;Creoles_and_Pidgins;-54.5;4.5;djk;ndy;ndyu1242;Huttar-and-Huttar-1994
Nelemwa;yes;no;Pacific;Oceanic;164.0833333;-20.25;nee;nel;kuma1276;Bril-2002
Nenets;no;yes;Asia;Samoyedic;72;69;yrk;nen;nene1249;Salminen-1998
Neo-Aramaic (Arbel Jewish);no;yes;Asia;Semitic;35;31.75;aij;naj;lish1245;Khan-1999
Newari (Kathmandu);yes;no;Asia;Mahakiranti;85.5;27.66666667;new;new;newa1246;Genetti-1990
Ngad'a;yes;no;Asia;Central_Malayo_Polynesian;121;-8.833333333;nxg;ngd;ngad1261;Djawanai-2002
Ngarinyman;no;no;Pacific;Pama_Nyungan;130.5;-16.5;nbj;ngy;ngar1235;Ngarinyman-2014
Ngiyambaa;no;no;Pacific;Pama_Nyungan;145.5;-31.75;wyb;ngi;wang1291;Donaldson-1999
Ngizim;no;yes;Africa;West_Chadic;10.91666667;12.08333333;ngi;ngz;ngiz1242;Schuh-1972
Nicobarese (Car);yes;no;Asia;Nicobarese;93;9;caq;nca;carn1240;Braine-1970
Nivkh;yes;no;Asia;Nivkh;142;53.33333333;niv;niv;gily1242;Gruzdeva-1998
Nivkh (South Sakhalin);yes;no;Asia;Nivkh;142.5;47;niv;nvs;gily1242;Gruzdeva-1998
Nubian (Dongolese);no;no;Africa;Nubian;30.75;18.25;kzh;nbd;kenu1236;Armbruster-1960
Nunggubuyu;no;no;Pacific;Nunggubuyu;135.6666667;-13.75;nuy;nug;nung1290;Heath-1984
Nyelayu;yes;no;Pacific;Oceanic;164.3333333;-20.33333333;yly;nyl;nyal1254;Ozanne-Rivierre-1998
Nyulnyul;no;no;Pacific;Nyulnyulan;122.8333333;-17;nyv;nyu;nyul1247;McGregor-1996
O'odham;no;yes;Americas;Tepiman;-112;32;ood;ood;toho1245;Hale-1959
Ocaina;no;yes;Americas;Huitoto;-71.75;-2.75;oca;oca;ocai1244;Ocaina-2004
Onya Darat;yes;no;Asia;Land_Dayak;110.5;-0.75;sdm;smd;sema1269;Onya-1999
Orejon;no;yes;Americas;Tucanoan;-72.5;-2.833333333;ore;ore;orej1242;Velie-and-Velie-1981
Orig;no;yes;Africa;Rashad;30.83333333;12.16666667;ras;ori;tega1236;Schadeberg-and-Elias-1979
Oromo (Harar);no;yes;Africa;Eastern_Cushitic;42;9;hae;orh;east2652;Owens-1985
Padoe;yes;no;Asia;Celebic;121.3333333;-2.333333333;pdo;pad;pado1242;Karhunen-1994
Paiute (Northern);no;yes;Americas;Numic;-118;42;pao;pno;nort2954;Snapp-et-al-1982
Paiute (Southern);no;yes;Americas;Numic;-113.3333333;37.83333333;ute;put;utes1238;Sapir-1930
Palikur;yes;no;Americas;Eastern_Arawakan;-51;3;plu;plk;pali1279;Green-and-Green-1972
Panare;no;no;Americas;Cariban;-66;6.5;pbh;pnr;enap1235;Cauty-1974a
Parecis;no;no;Americas;Central_Arawakan;-57;-14;pab;prc;pare1272;Derbyshire-1986
Paumari;no;yes;Americas;Arauan;-64;-6;pad;pau;paum1247;Chapman-and-Derbyshire-1991
Pawnee;no;yes;Americas;Caddoan;-98.66666667;41;paw;pwn;pawn1254;Parks-1976
Persian;yes;yes;Asia;Iranian;54;32;pes;prs;west2369;Mahootian-1997
Piaroa;no;no;Americas;Piaroa;-67;5;pid;pia;piar1243;Krute-1989
Pileni;yes;no;Pacific;Oceanic;166.2166667;-10.21666667;piv;pil;pile1238;Naess-2000
Pima Bajo;no;yes;Americas;Tepiman;-111;29;pia;pba;pima1248;Estrada-Fernandez-1996
Pipil;no;yes;Americas;Aztecan;-89.58333333;13.83333333;ppl;pip;pipi1250;Campbell-1985
Piraha;no;no;Americas;Mura;-62;-7;myp;prh;pira1253;Everett-1991
Piro;no;no;Americas;Purus;-73.5;-11;pib;pir;yine1238;Matteson-1965
Pohnpeian;yes;no;Pacific;Oceanic;158.25;6.883333333;pon;poh;pohn1238;Lynch-1998
Purepecha;yes;no;Americas;Tarascan;-101.6666667;19.5;tsz;pur;pure1242;Purepecha-2000
Quechua (Cuzco);no;yes;Americas;Quechuan;-71;-14.5;quz;qcu;cusc1236;Faller-2001
Quechua (Huallaga);no;yes;Americas;Quechuan;-75.5;-9.5;qvh;qhu;huam1248;Weber-1989
Quechua (Imbabura);no;yes;Americas;Quechuan;-78;0.333333333;qvi;qim;imba1240;Cole-1982
Quileute;no;no;Americas;Chimakuan;-124.25;47.91666667;qui;qui;quil1240;Andrade-1933
Rapanui;no;no;Americas;Oceanic;-109.3666667;-27.11666667;rap;rap;rapa1244;Chapin-1978
Remo;yes;no;Asia;Munda;82;18;bfw;rem;bond1245;Fernandez-1967
Romani (Sepecides);no;yes;Europe;Indic;27;38.25;;rse;;Cech-and-Heinschink-1996
Rukai (Tanan);no;no;Asia;Rukai;120.8333333;22.83333333;dru;ruk;ruka1240;Zeitoun-2007
Runyoro-Rutooro;no;yes;Africa;Bantoid;31.33333333;1.5;nyo;rru;nyor1246;Rubongoya-1999
Russian;no;yes;Europe;Slavic;38;56;rus;rus;russ1263;Wade-1992
Russian-Chinese Pidgin (Birobidjan);no;no;Asia;Creoles_and_Pidgins;132.95;48.8;;rcp;;dryer_world_2013
Salinan;no;no;Americas;Salinan;-121;36;sln;sal;sali1253;Mason-1918
Salt-Yui;no;no;Pacific;Chimbu;145.0333333;-6.283333333;sll;syu;salt1242;Irwin-1974
Samandang;yes;no;Pacific;Land_Dayak;110.4166667;-0.416666667;;kua;nucl1557;Omar-1983
Samoan;yes;no;Pacific;Oceanic;-171.8333333;-13.91666667;smo;sam;samo1305;Marsack-1962
Sandawe;no;yes;Africa;Sandawe;35;-5;sad;sdw;sand1273;Eaton-2008
Santali;yes;no;Asia;Munda;87;24.5;sat;stl;sant1410;Neukom-2001
Sanuma;no;no;Americas;Yanomam;-64.66666667;4.5;xsu;snm;sanu1240;Borgman-1990
Sawu;yes;no;Asia;Central_Malayo_Polynesian;121.9166667;-11.5;hvn;saw;sabu1255;Walker-1982
Seediq;no;no;Asia;Atayalic;121.4166667;24.16666667;trv;see;taro1264;Holmer-1996
Semelai;yes;no;Asia;Aslian;103;3;sza;sml;seme1247;Kruspe-1999
Seneca;no;no;Americas;Northern_Iroquoian;-77.5;42.5;see;snc;sene1264;Chafe-1996
Sentani;no;no;Asia;Sentani;140.5833333;-2.583333333;set;snt;nucl1632;Hartzler-1994
Sesotho;no;yes;Africa;Bantoid;27;-28;sot;ses;sout2807;Guma-1971
Shasta;no;yes;Americas;Shasta;-122.6666667;41.83333333;sht;shs;shas1239;Silver-1966
Shipibo-Konibo;no;yes;Americas;Panoan;-75;-7.5;shp;shk;ship1254;Valenzuela-et-al-2001
Simeulue;yes;no;Asia;Northwest_Sumatra_Barrier_Islands;96.25;2.5;smr;sim;sime1241;Abdullah-Faridan-et-al-1983
Sinhala;no;yes;Asia;Indic;80.5;7;sin;snh;sinh1246;Gair-1970
Siona;no;yes;Americas;Tucanoan;-76.25;0.333333333;snn;sin;sion1247;Wheeler-1970
Siuslaw;no;no;Americas;Siuslawan;-124;44;sis;siu;sius1254;Frachtenberg-1922b
So;no;no;Africa;Kuliak;34.75;2.583333333;teu;so;sooo1256;Carlin-1993
Suena;no;no;Pacific;Binanderean;147.55;-7.75;sue;sue;suen1241;Wilson-1974
Sulka;no;no;Pacific;Sulka;151.9166667;-5.083333333;sua;sul;sulk1246;Tharp-1996
Supyire;no;yes;Africa;Gur;-5.583333333;11.5;spp;sup;supy1237;Carlson-1994
Swahili;no;yes;Africa;Bantoid;39;-6.5;swh;swa;swah1253;Welmers-1973
Swati;no;yes;Africa;Bantoid;31;-26.5;ssw;swt;swat1243;Taljaard-et-al-1991
Taba;yes;no;Asia;South_Halmahera_West_New_Guinea;127.5;0;mky;tab;east2440;Bowden-1997a
Tagalog;no;yes;Asia;Greater_Central_Philippine;121;15;tgl;tag;taga1270;Schachter-and-Otanes-1983
Takelma;no;no;Americas;Takelma;-123;42.5;tkm;tkl;take1257;Sapir-1922b
Tatar;yes;no;Europe;Turkic;49.5;56;tat;tvo;tata1255;Poppe-1968
Tati (Southern);yes;no;Asia;Iranian;49.66666667;36;tks;tts;take1255;Yar-Shater-1969
Taulil;no;no;Pacific;Taulil;152.0833333;-4.416666667;tuh;tll;taul1251;Stebbins-2002
Tawala;no;no;Pacific;Oceanic;150.6666667;-10.33333333;tbo;taw;tawa1275;Ezard-1997
Tehit;yes;no;Asia;West_Birds_Head;132;-1.5;kps;tht;tehi1237;Reesink-1996
Telefol;no;no;Pacific;Ok;141.75;-5;tlf;tlf;tele1256;Healey-1965b
Temiar;no;no;Asia;Aslian;101.5;5;tea;tmr;temi1246;Benjamin-1976
Tepehuan (Southeastern);no;no;Americas;Tepiman;-104.5;23;stp;tps;sout2976;Willett-1991
Terena;no;no;Americas;Bolivia_Parana;-56;-20;ter;trn;tere1279;Derbyshire-1986
Teribe;yes;no;Americas;Talamanca;-82.66666667;9.333333333;tfr;trb;teri1250;Quesada-2000
Tetun;yes;no;Asia;Central_Malayo_Polynesian;126;-9;tet;ttn;tetu1245;van-Klinken-1999
Thai;yes;no;Asia;Kam_Tai;101;16;tha;tha;thai1261;Diller-1994
Thompson;yes;no;Americas;Interior_Salish;-121.75;49.75;thp;tho;thom1243;Thompson-and-Thompson-1992
Tidore;yes;no;Asia;North_Halmaheran;127.5;0.75;tvo;tid;tido1248;van-Staden-2000
Timugon;no;yes;Asia;North_Borneo;116;5;tih;tim;timu1262;Omar-1983
Tiwi;no;no;Pacific;Tiwian;131;-11.5;tiw;tiw;tiwi1244;Osborne-1974
Tlingit;no;yes;Americas;Tlingit;-135;59;tli;tli;tlin1245;Kinkade-2001
Toba;no;no;Americas;Guaicuruan;-59;-26.5;tob;tob;toba1269;van-der-Tuuk-1971
Tol;no;yes;Americas;Tol;-87;14.66666667;jic;tol;toll1241;Holt-1999a
Tolai;no;no;Pacific;Oceanic;152.0833333;-4.25;ksd;tla;kuan1248;Mosel-1980
Tongan;yes;no;Pacific;Oceanic;-175.1666667;-21.16666667;ton;tng;tong1325;Lynch-1998
Tonkawa;no;yes;Americas;Tonkawa;-96.75;30.25;tqw;ton;tonk1249;Hoijer-1946b
Toqabaqita;yes;no;Pacific;Oceanic;160.5833333;-8.416666667;mlu;toq;toab1237;lichtenberk_grammar_1983
Totonac (Papantla);yes;no;Americas;Totonacan;-97.33333333;20.33333333;top;tpa;papa1238;Suarez-1983b
Toussian (Win);yes;no;Africa;Gur;-4.666666667;10.83333333;wib;tow;sout2797;Prost-1964g
Tsimshian (Coast);no;no;Americas;Tsimshianic;-129;52.5;tsi;tsi;nucl1649;Boas-1911c
Tsou;yes;no;Asia;Tsou;120.75;23.5;tsu;tso;tsou1248;Tung-1964
Tuareg (Ghat);no;yes;Africa;Berber;10.16666667;25;thv;tgh;taha1241;Nehlil-1909
Tucano;no;yes;Americas;Tucanoan;-69.16666667;0.5;tuo;tuc;tuca1252;West-1980
Tukang Besi;yes;no;Asia;Celebic;123.5;-5.5;bhq;tuk;tuka1247;Donohue-1999a
Tunen;no;yes;Africa;Bantoid;10.66666667;4.75;baz;tnn;tune1241;Dugast-1971
Tunica;no;no;Americas;Tunica;-91;32.66666667;tun;tun;tuni1252;Haas-1940
Turkish;yes;yes;Asia;Turkic;35;39;tur;tur;nucl1301;Lewis-1967
Tuvaluan;no;no;Pacific;Oceanic;179.1666667;-8.5;tvl;tvl;tuva1244;Besnier-200
Tuvan;no;yes;Asia;Turkic;95;52;tyv;tuv;tuvi1240;Krueger-1977
Tuyuca;no;yes;Americas;Tucanoan;-70.08333333;0.5;tue;tuy;tuyu1244;Barnes-1990
Tzeltal;yes;no;Americas;Mayan;-92.25;16.83333333;tzb;tze;tzel1253;Suarez-1983b
Ulithian;yes;no;Pacific;Oceanic;139.5833333;9.916666667;uli;uli;ulit1238;Lynch-1998
Ungarinjin;no;no;Pacific;Wororan;126;-16.33333333;ung;ung;ngar1284;Rumsey-1982
Ura;no;no;Pacific;Oceanic;169.0833333;-18.66666667;uur;ura;urav1235;Crowley-1998c
Uradhi;no;no;Pacific;Pama_Nyungan;142.4166667;-11.91666667;urf;uhi;urad1239;Crowley-1983
Vafsi;yes;no;Asia;Iranian;49.91666667;34.66666667;vaf;vaf;vafs1240;Stilo-2004
Vietnamese;yes;no;Asia;Viet_Muong;106.5;10.5;vie;vie;viet1252;Thompson-1965
Waigali;no;yes;Asia;Indic;71.25;35;wbk;wgl;waig1243;Morgenstierne-1954
Waorani;no;no;Americas;Waorani;-76.5;-1;auc;wao;waor1240;Peeke-1994
Wappo;no;no;Americas;Wappo;-122.5;38.5;wao;wap;wapp1239;Radin-1929
Warekena;yes;no;Americas;Northern_Arawakan;-67.5;1.5;gae;wrk;guar1293;Aikhenvald-1998
Wari';no;no;Americas;Chapacura_Wanham;-65;-11.33333333;pav;war;wari1268;Everett-and-Kern-1997
Warndarang;no;no;Pacific;Maran;135.5833333;-14.41666667;wnd;wrn;wand1263;Heath-1980b
Washo;no;yes;Americas;Washo;-120;39.25;was;was;wash1253;Kroeber-1906
Waura;no;no;Americas;Central_Arawakan;-53;-13;wau;wur;waur1244;Derbyshire-and-Payne-1990
Wembawemba;no;no;Pacific;Pama_Nyungan;144;-35.33333333;;wem;;Hercus-1986b
Wintu;no;no;Americas;Wintuan;-122.5;41;wit;win;wint1259;Pitkin-1984
Worora;no;no;Pacific;Wororan;124.6666667;-15.66666667;unp;wor;woro1255;Love-2000
Xoo;no;yes;Africa;Southern_Khoisan;21.5;-24;nmn;xoo;xooo1239;Traill-1994
Yagua;yes;no;Americas;Peba_Yaguan;-72;-3.5;yad;yag;yagu1244;Payne-and-Payne-1990
Yami;no;no;Asia;Batanic;121.5;22;tao;ymi;yami1254;Yami-1990
Yapese;yes;no;Pacific;Yapese;138.1666667;9.583333333;yap;yap;yape1248;Jensen-et-al-1977a
Yawelmani;no;no;Americas;Yokuts;-119;35.41666667;yok;ywl;yoku1256;Newman-1946
Yessan-Mayo;no;no;Pacific;Tama_Sepik;142.5833333;-4.166666667;yss;yes;yess1239;Foreman-1974
Yidiny;no;no;Pacific;Pama_Nyungan;145.75;-17;yii;yid;yidi1250;Yidiny-1977
Yimas;no;no;Pacific;Lower_Sepik;143.55;-4.666666667;yee;yim;yima1243;Foley-1991
Yingkarta;no;no;Pacific;Pama_Nyungan;114.8333333;-25.16666667;yia;yng;ying1247;Dench-1998
Yoruba;no;yes;Africa;Defoid;4.333333333;8;yor;yor;yoru1245;Welmers-1973
Yucatec;yes;no;Americas;Mayan;-89;20;yua;yct;yuca1254;Suarez-1983b
Yuchi;no;no;Americas;Yuchi;-86.75;35.75;yuc;yuc;yuch1247;Wagner-1934
Yukaghir (Kolyma);no;yes;Asia;Yukaghir;150.8333333;65.75;yux;yko;sout2750;Maslova-1999
Yukulta;no;no;Pacific;Tangkic;138.8333333;-17.33333333;gcd;yuk;gang1267;Keen-1983
Zulu;no;yes;Africa;Bantoid;30;-30;zul;zul;zulu1248;Canonici-1995
Zuni;no;yes;Americas;Zuni;-108.8333333;35.08333333;zun;zun;zuni1245;Newman-1996
